origin,insertion,zygoticity,orientation_TEI,orientation_gene,consistency,mean_left,mean_right,left_to_right_diff,dominance,cen_pos,gene_name,gene_strand,gene_start,gene_end,genic,genic_position,sample
AT1TE59755,NC_003070.9:165940..165944,homo,minus,plus,no,2.9391358166622923,0.007417419561976895,2.9317183971003153,left,Arm,,,,,False,,12-1_CHH
AT5TE15240,NC_003070.9:23504373..23504377,homo,minus,minus,yes,0.245265096885022,1.0779681008454467,-0.8327030039604247,right,Arm,AT1G63370.1,-,23503115.0,23505358.0,True,0.4382523406152474,12-1_CHH
AT3TE89830,NC_003070.9:25881399..25881404,homo,plus,plus,yes,1.883874162337682,0.16463442163283828,1.7192397407048436,left,Arm,AT1G68840.1,+,25880155.0,25881955.0,True,0.6925,12-1_CHH
AT1TE12295,NC_003071.7:1001318..1001322,hetero,plus,minus,no,0.5928951764959488,-1.0769885618831743,1.6698837383791232,left,Pericentromere,,,,,False,,12-1_CHH
AT1TE12295,NC_003071.7:14489344..14489348,hetero,minus,minus,yes,0.01729445310714056,2.466784435740629,-2.4494899826334886,right,Arm,AT2G34340.1,-,14488584.0,14489767.0,True,0.3558748943364328,12-1_CHH
AT1TE59755 or AT1TE12295 or AT3TE89830,NC_003071.7:15105060..15105065,hetero,minus,plus,no,0.6086865158903029,1.2391607041651356,-0.6304741882748327,right,Arm,AT2G35950.2,+,15104716.0,15106119.0,True,0.24697077690662866,12-1_CHH
AT5TE15240,NC_003071.7:169679..169683,hetero,minus,,,1.4819480046686482,1.0294619872813555,0.45248601738729266,left,Arm,,,,,False,,12-1_CHH
AT1TE12295,NC_003071.7:18808727..18808731,hetero,plus,minus,no,0.3800718025589204,1.4176312273006393,-1.0375594247417188,right,Arm,AT2G45660.1,-,18807505.0,18811125.0,True,0.661878453038674,12-1_CHH
AT1TE12295 or AT3TE89830,NC_003071.7:2614798..2614803,hetero,minus,plus,no,0.21247098368772374,-0.5683469800702148,0.7808179637579385,left,Pericentromere,AT2G06560.1,+,2611034.0,2616254.0,True,0.721551724137931,12-1_CHH
AT1TE12295,NC_003074.8:10541312..10541322,hetero,plus,minus,no,5.571616150281999,0.2935154872915485,5.27810066299045,left,Pericentromere,AT3G28280.1,-,10540646.0,10541670.0,True,0.3447265625,12-1_CHH
AT1TE59755,NC_003074.8:11695989..11695995,homo,minus,plus,no,-5.839700709291755,5.402044218605137,-11.241744927896892,right,Pericentromere,AT3G29791.1,+,11695756.0,11696771.0,True,0.23251231527093597,12-1_CHH
AT1TE12295,NC_003074.8:19557287..19557291,homo,minus,,,12.601188372601777,0.8144990425624965,11.78668933003928,left,Arm,,,,,False,,12-1_CHH
AT1TE59755,NC_003075.7:10188602..10188606,homo,plus,minus,no,-0.08420452312643098,4.182231273206451,-4.266435796332882,right,Arm,AT4G18440.1,-,10186073.0,10188981.0,True,0.1296423658872077,12-1_CHH
AT1TE12295,NC_003075.7:16380335..16380341,homo,plus,minus,no,1.1551298896348812,8.05360951301491,-6.898479623380029,right,Arm,AT4G34215.2,-,16379603.0,16381449.0,True,0.6018418201516793,12-1_CHH
AT5TE15240,NC_003075.7:301834..301839,homo,minus,minus,yes,0.29037307391119516,0.7420598825284473,-0.4516868086172522,right,Arm,AT4G00730.1,-,299261.0,304612.0,True,0.5186880956830499,12-1_CHH
AT1TE12295,NC_003075.7:8453380..8453384,homo,minus,minus,yes,0.27479775668351997,0.42477978864471444,-0.14998203196119447,right,Arm,AT4G14740.4,-,8450226.0,8454144.0,True,0.19448698315467075,12-1_CHH
AT3TE89830,NC_003076.8:15372467..15372472,hetero,minus,plus,no,2.220792461045625,-0.013809919701260992,2.234602380746886,left,Pericentromere,,,,,False,,12-1_CHH
AT1TE12295 or AT5TE15240,NC_003076.8:17264719..17264724,hetero,minus,minus,yes,1.9120662134570445,0.28891551925371084,1.6231506942033338,left,Arm,AT5G43040.1,-,17263685.0,17265777.0,True,0.5045411089866156,12-1_CHH
AT5TE15240,NC_003076.8:18809938..18809943,hetero,plus,minus,no,-0.6560712437888908,0.5161396449775636,-1.1722108887664544,right,Arm,AT5G46370.1,-,18809496.0,18811870.0,True,0.8127632687447346,12-1_CHH
AT5TE15240,NC_003076.8:22771918..22771924,homo,minus,minus,yes,9.732619021921229,0.49535681207481763,9.237262209846412,left,Arm,AT5G56250.1,-,22768453.0,22773021.0,True,0.24080560420315236,12-1_CHH
AT1TE12295 or AT5TE15240,NC_003076.8:2404495..2404502,homo,minus,,,7.845197399242705,0.7971836450850354,7.04801375415767,left,Arm,,,,,False,,12-1_CHH
AT1TE59755,NC_003076.8:24673227..24673231,hetero,minus,minus,yes,0.06604808904439306,0.6893471836062124,-0.6232990945618193,right,Arm,AT5G61370.1,-,24671770.0,24673657.0,True,0.22681505034446212,12-1_CHH
AT1TE59755,NC_003076.8:6412551..6412557,homo,minus,minus,yes,15.915765145030273,1.2089905776785734,14.7067745673517,left,Arm,AT5G19110.2,-,6411443.0,6413311.0,True,0.40524625267665954,12-1_CHH
AT1TE12295,NC_003071.7:15358424..15358429,homo,plus,minus,no,0.7506036035401339,0.590846153024364,0.15975745051576984,left,Arm,AT2G36640.1,-,15356830.0,15358619.0,True,0.10760201229737283,1-1_CHH
AT1TE59755,NC_003074.8:6843656..6843661,homo,plus,,,0.1187866315515556,0.2513738032294002,-0.13258717167784456,right,Arm,,,,,False,,1-1_CHH
AT1TE59755,NC_003075.7:16829763..16829767,homo,minus,plus,no,0.1387031156416683,1.7903387201224532,-1.651635604480785,right,Arm,AT4G35390.1,+,16829326.0,16830692.0,True,0.3213762811127379,1-1_CHH
AT1TE59755,NC_003076.8:26578619..26578624,homo,plus,minus,no,-0.1548846627486966,0.17885537935003878,-0.3337400420987354,right,Arm,AT5G66600.6,-,26574987.0,26578826.0,True,0.053269080489710866,1-1_CHH
AT1TE12295,NC_003074.8:3951429..3951434,hetero,minus,minus,yes,0.48921453079321997,0.26166046663457776,0.2275540641586422,left,Arm,AT3G12440.1,-,3951108.0,3952260.0,True,0.7191840277777778,3-6_CHH
AT1TE12295,NC_003070.9:29578508..29578514,homo,minus,,,2.2452619004523937,0.05626295738780211,2.1889989430645915,left,Arm,,,,,False,,7-5_CHH
AT1TE12295,NC_003070.9:4423658..4423662,hetero,plus,plus,yes,0.5784396466230118,-0.10531174992126294,0.6837513965442747,left,Arm,AT1G12970.1,+,4423540.0,4425936.0,True,0.05008347245409015,7-5_CHH
AT3TE92525,NC_003071.7:18728321..18728325,hetero,minus,plus,no,0.2755874293605088,0.6683001397065447,-0.3927127103460359,right,Arm,AT2G45430.1,+,18727504.0,18729272.0,True,0.4632352941176471,13-1_CHH
AT3TE92525,NC_003074.8:22759441..22759447,homo,plus,plus,yes,-0.21611506042858136,0.03681420198216155,-0.2529292624107429,right,Arm,AT3G61490.4,+,22757761.0,22760470.0,True,0.6212624584717608,13-1_CHH
AT3TE92525,NC_003075.7:14520782..14520786,hetero,minus,plus,no,0.3010264020206137,0.21738648052976725,0.08363992149084645,left,Arm,AT4G29620.1,+,14519863.0,14521087.0,True,0.7524509803921569,13-1_CHH
AT3TE92525,NC_003075.7:15551270..15551274,hetero,minus,plus,no,0.15783015252992794,0.021924774893710672,0.13590537763621727,left,Arm,AT4G32200.2,+,15548840.0,15555094.0,True,0.38887112248161176,13-1_CHH
AT1TE59755,NC_003074.8:17266790..17266794,homo,plus,minus,no,0.4577586814995289,0.4554039524099266,0.0023547290896023254,left,Arm,AT3G46890.1,-,17266341.0,17267128.0,True,0.4269377382465057,14-2_CHH
AT1TE12295 or AT5TE15240,NC_003074.8:3772740..3772745,homo,minus,plus,no,0.04096412387475028,0.15154992270834006,-0.11058579883358978,right,Arm,AT3G11920.1,+,3772311.0,3774887.0,True,0.16750776397515527,14-2_CHH
AT1TE12295,NC_003074.8:3852685..3852689,hetero,minus,plus,no,-1.0260549285225138,0.08645359918281556,-1.1125085277053293,right,Arm,AT3G12090.1,-,3852125.0,3853866.0,True,0.6771970132107984,14-2_CHH
AT1TE12295,NC_003076.8:1494311..1494316,hetero,minus,plus,no,-0.032300669311370246,0.31718428451654557,-0.34948495382791583,right,Arm,AT5G05060.1,-,1493719.0,1495136.0,True,0.5804516584333098,14-2_CHH
AT1TE12295,NC_003076.8:22771599..22771604,hetero,minus,minus,yes,0.07945418833343103,0.24145956035386185,-0.1620053720204308,right,Arm,AT5G56250.1,-,22768453.0,22773021.0,True,0.3107486865148862,14-2_CHH
AT5TE15240,NC_003076.8:37909..37916,hetero,minus,plus,no,-0.23963986157462003,0.055843685300207044,-0.2954835468748271,right,Arm,AT5G01100.1,-,34538.0,37999.0,True,0.0249927766541462,14-2_CHH
