TEIcoord	sample	zygoticity	chr	start	end	orientaion_TEI	orientation_gene	consistency	origin
NC_003070.9:165939..165946	SQK-NBD114-96_barcode01	homo	NC_003070.9	165944	171143	minus	plus	no	AT1TE59755
NC_003071.7:15105059..15105065	SQK-NBD114-96_barcode01	hetero	NC_003071.7	15131542	15136763	minus	plus	no	AT1TE59755 or AT1TE12295 or AT3TE89830
NC_003074.8:19557286..19557311	SQK-NBD114-96_barcode01	homo	NC_003074.8	19575404	19581041	minus	NA	NA	AT1TE12295
NC_003075.7:10188597..10188606	SQK-NBD114-96_barcode01	homo	NC_003075.7	10218864	10223993	plus	minus	no	AT1TE59755
NC_003076.8:24673226..24673236	SQK-NBD114-96_barcode01	hetero	NC_003076.8	24728114	24733711	minus	minus	yes	AT1TE59755
NC_003070.9:23504372..23504379	SQK-NBD114-96_barcode01	homo	NC_003070.9	23509580	23514841	minus	minus	yes	AT5TE15240
NC_003071.7:1001313..1001322	SQK-NBD114-96_barcode01	hetero	NC_003071.7	1012494	1017618	plus	minus	no	AT1TE12295
NC_003071.7:14489343..14489348	SQK-NBD114-96_barcode01	hetero	NC_003071.7	14510706	14515821	minus	minus	yes	AT1TE12295
NC_003071.7:18808726..18808731	SQK-NBD114-96_barcode01	hetero	NC_003071.7	18840434	18845541	plus	minus	no	AT1TE12295
NC_003074.8:10541311..10541322	SQK-NBD114-96_barcode01	hetero	NC_003074.8	10549069	10554366	plus	minus	no	AT1TE12295
NC_003076.8:18809935..18809943	SQK-NBD114-96_barcode01	hetero	NC_003076.8	18847776	18852987	plus	minus	no	AT5TE15240
NC_003070.9:25881396..25881415	SQK-NBD114-96_barcode01	homo	NC_003070.9	25897551	25902531	plus	plus	yes	AT3TE89830
NC_003071.7:169678..169696	SQK-NBD114-96_barcode01	hetero	NC_003071.7	169683	174798	minus	NA	NA	AT5TE15240
NC_003075.7:301833..301849	SQK-NBD114-96_barcode01	homo	NC_003075.7	308121	313493	minus	minus	yes	AT5TE15240
NC_003076.8:22771917..22771924	SQK-NBD114-96_barcode01	homo	NC_003076.8	22821559	22826801	minus	minus	yes	AT5TE15240
NC_003071.7:2614797..2614803	SQK-NBD114-96_barcode01	hetero	NC_003071.7	2631103	2636156	minus	plus	no	AT1TE12295 or AT3TE89830
NC_003075.7:16380333..16380341	SQK-NBD114-96_barcode01	homo	NC_003075.7	16415732	16420997	plus	minus	no	AT1TE12295
NC_003075.7:8453379..8453384	SQK-NBD114-96_barcode01	homo	NC_003075.7	8478391	8483638	minus	minus	yes	AT1TE12295
NC_003076.8:17264718..17264724	SQK-NBD114-96_barcode01	hetero	NC_003076.8	17297384	17302552	minus	minus	yes	AT1TE12295 or AT5TE15240
NC_003076.8:2404494..2404502	SQK-NBD114-96_barcode01	homo	NC_003076.8	2410967	2415724	minus	NA	NA	AT1TE12295 or AT5TE15240
NC_003074.8:11695988..11695995	SQK-NBD114-96_barcode01	homo	NC_003074.8	11709049	11714102	minus	plus	no	AT1TE59755
NC_003076.8:6412549..6412557	SQK-NBD114-96_barcode01	homo	NC_003076.8	6431661	6436758	minus	minus	yes	AT1TE59755
NC_003076.8:15372466..15372472	SQK-NBD114-96_barcode01	hetero	NC_003076.8	15400212	15405127	minus	plus	no	AT3TE89830
NC_003075.7:16829762..16829766	SQK-NBD114-96_barcode19	homo	NC_003075.7	16834578	16839685	minus	plus	no	AT1TE59755
NC_003074.8:6843653..6843661	SQK-NBD114-96_barcode19	homo	NC_003074.8	6843661	6848461	plus	NA	NA	AT1TE59755
NC_003076.8:26578618..26578624	SQK-NBD114-96_barcode19	homo	NC_003076.8	26585428	26590479	plus	minus	no	AT1TE59755
NC_003071.7:15358422..15358435	SQK-NBD114-96_barcode19	homo	NC_003071.7	15358429	15363639	plus	minus	no	AT1TE12295
NC_003074.8:3951428..3951434	SQK-NBD114-96_barcode20	hetero	NC_003074.8	3951434	3956828	minus	minus	yes	AT1TE12295
NC_003070.9:29578507..29578514	SQK-NBD114-96_barcode21	homo	NC_003070.9	29583691	29588880	minus	NA	NA	AT1TE12295
NC_003070.9:4423657..4423662	SQK-NBD114-96_barcode21	hetero	NC_003070.9	4423662	4428835	plus	plus	yes	AT1TE12295
NC_003074.8:22759420..22759447	SQK-NBD114-96_barcode22	homo	NC_003074.8	22772407	22777863	plus	plus	yes	AT3TE92525
NC_003071.7:18728318..18728325	SQK-NBD114-96_barcode22	hetero	NC_003071.7	18728325	18733632	minus	plus	no	AT3TE92525
NC_003075.7:14520777..14520786	SQK-NBD114-96_barcode22	hetero	NC_003075.7	14531362	14536806	minus	plus	no	AT3TE92525
NC_003075.7:15551258..15551276	SQK-NBD114-96_barcode22	hetero	NC_003075.7	15567298	15572414	minus	plus	no	AT3TE92525
NC_003074.8:17266787..17266794	SQK-NBD114-96_barcode23	homo	NC_003074.8	17277204	17282350	plus	minus	no	AT1TE59755
NC_003074.8:3772738..3772745	SQK-NBD114-96_barcode23	homo	NC_003074.8	3772745	3777852	minus	plus	no	AT1TE12295 or AT5TE15240
NC_003076.8:37908..37916	SQK-NBD114-96_barcode23	hetero	NC_003076.8	37916	42965	minus	plus	no	AT5TE15240
NC_003074.8:3852684..3852694	SQK-NBD114-96_barcode23	hetero	NC_003074.8	3857801	3863095	minus	plus	no	AT1TE12295
NC_003076.8:1494295..1494316	SQK-NBD114-96_barcode23	hetero	NC_003076.8	1499372	1504457	minus	plus	no	AT1TE12295
NC_003076.8:22771598..22771604	SQK-NBD114-96_barcode23	hetero	NC_003076.8	22781750	22786787	minus	minus	yes	AT1TE12295
						13	16	22	
						26	19	13	
									
						39		35	
									
						33.33333333		62.85714286	
						66.66666667		37.14285714	