TEIcoord	#supp.reads	pvalue	isTEIregioIsOK	TE_reads	chosenTE	TE.chr	TE.start	TE.end	sample	Zygoticity	Corrected pos	VI	Comment	Origin
NC_003075.7:3507943..3507970	12	0.968	TRUE	AT3TE59730:12	AT3TE59730	NC_003074.8	14586322	14586573	col_wt_dorado_hac	homo	NC_003075.7:3507956..3507966	TRUE	common	col_wt_dorado_hac
NC_003075.7:3507955..3507966	15	0.954	TRUE	AT3TE59730:14,AT4TE15685:1,AT4TE15700:1,AT4TE15705:1,AT4TE15710:1,AT4TE15715:1,AT4TE15720:1,AT4TE15725:1	AT3TE59730	NC_003074.8	14586322	14586573	SQK-NBD114-96_barcode24	homo	NC_003075.7:3507956..3507966	TRUE	common	SQK-NBD114-96_barcode24
NC_003075.7:3507955..3507966	13	0.925	TRUE	AT3TE59730:13	AT3TE59730	NC_003074.8	14586322	14586573	SQK-NBD114-96_barcode25	homo	NC_003075.7:3507956..3507966	TRUE	common	SQK-NBD114-96_barcode25
NC_003070.9:165939..165946	9	0.327	TRUE	AT1TE59755:8,AT2TE30585:1	AT1TE59755	NC_003070.9	18013162	18018435	SQK-NBD114-96_barcode01	homo	NC_003070.9:165940..165944	TRUE	pseudounique	SQK-NBD114-96_barcode01
NC_003071.7:15105059..15105065	7	0.132	TRUE	AT1TE12295:3,AT1TE59755:4	AT1TE59755	NC_003070.9	18013162	18018435	SQK-NBD114-96_barcode01	hetero	NC_003071.7:15105060..15105065	TRUE	pseudounique	SQK-NBD114-96_barcode01
NC_003074.8:19557286..19557311	14	0.862	TRUE	AT1TE59755:14	AT1TE59755	NC_003070.9	18013162	18018435	SQK-NBD114-96_barcode01	homo	NC_003074.8:19557287..19557291	TRUE	common	SQK-NBD114-96_barcode01
NC_003074.8:28127..28153	9	0.327	TRUE	AT1TE12295:4,AT1TE59755:5	AT1TE59755	NC_003070.9	18013162	18018435	SQK-NBD114-96_barcode01	homo	NC_003074.8:28147..28153	TRUE	common	SQK-NBD114-96_barcode01
NC_003075.7:10188597..10188606	8	0.215	TRUE	AT1TE59755:8	AT1TE59755	NC_003070.9	18013162	18018435	SQK-NBD114-96_barcode01	homo	NC_003075.7:10188602..10188606	TRUE	common	SQK-NBD114-96_barcode01
NC_003076.8:24673226..24673236	11	0.577	TRUE	AT1TE41140:1,AT1TE41145:1,AT1TE41150:1,AT1TE41155:1,AT1TE41160:1,AT1TE41165:1,AT1TE59755:10	AT1TE59755	NC_003070.9	18013162	18018435	SQK-NBD114-96_barcode01	hetero	NC_003076.8:24673227..24673231	TRUE	pseudounique	SQK-NBD114-96_barcode01
NC_003076.8:5956351..5956371	11	0.577	TRUE	AT1TE59755:11	AT1TE59755	NC_003070.9	18013162	18018435	SQK-NBD114-96_barcode01	homo	NC_003076.8:5956357..5956363	TRUE	common	SQK-NBD114-96_barcode01
NC_003070.9:23504372..23504379	10	0.45	TRUE	AT1TE12295:7,AT5TE15240:3	AT1TE12295	NC_003070.9	3780765	3785721	SQK-NBD114-96_barcode01	homo	NC_003070.9:23504373..23504377	TRUE	common	SQK-NBD114-96_barcode01
NC_003071.7:1001313..1001322	7	0.132	TRUE	AT1TE12295:7	AT1TE12295	NC_003070.9	3780765	3785721	SQK-NBD114-96_barcode01	hetero	NC_003071.7:1001318..1001322	TRUE	pseudounique	SQK-NBD114-96_barcode01
NC_003071.7:14489343..14489348	6	0.077	TRUE	AT1TE12295:6	AT1TE12295	NC_003070.9	3780765	3785721	SQK-NBD114-96_barcode01	hetero	NC_003071.7:14489344..14489348	TRUE	pseudounique	SQK-NBD114-96_barcode01
NC_003071.7:18808726..18808731	6	0.077	TRUE	AT1TE12295:6	AT1TE12295	NC_003070.9	3780765	3785721	SQK-NBD114-96_barcode01	hetero	NC_003071.7:18808727..18808731	TRUE	pseudounique	SQK-NBD114-96_barcode01
NC_003071.7:684926..684931	8	0.215	TRUE	AT1TE12295:8	AT1TE12295	NC_003070.9	3780765	3785721	SQK-NBD114-96_barcode01	hetero	NC_003071.7:684927..684931	TRUE	pseudounique	SQK-NBD114-96_barcode01
NC_003074.8:10541311..10541322	11	0.577	TRUE	AT1TE12295:11	AT1TE12295	NC_003070.9	3780765	3785721	SQK-NBD114-96_barcode01	hetero	NC_003074.8:10541312..10541322	TRUE	pseudounique	SQK-NBD114-96_barcode01
NC_003075.7:176386..176391	10	0.45	TRUE	AT1TE12295:9,AT3TE89830:1	AT1TE12295	NC_003070.9	3780765	3785721	SQK-NBD114-96_barcode01	homo	NC_003075.7:176387..176391	TRUE	pseudounique	SQK-NBD114-96_barcode01
NC_003076.8:18809935..18809943	8	0.215	TRUE	AT1TE12295:8	AT1TE12295	NC_003070.9	3780765	3785721	SQK-NBD114-96_barcode01	hetero	NC_003076.8:18809938..18809943	TRUE	pseudounique	SQK-NBD114-96_barcode01
NC_003076.8:20919426..20919439	9	0.327	TRUE	AT1TE12295:8,AT3TE55745:1,AT3TE55750:1,AT3TE55755:1,AT3TE55760:1,AT3TE55765:1,AT3TE55770:1,AT3TE55775:1	AT1TE12295	NC_003070.9	3780765	3785721	SQK-NBD114-96_barcode01	hetero	NC_003076.8:20919427..20919432	TRUE	pseudounique	SQK-NBD114-96_barcode01
NC_003070.9:24318588..24318596	11	0.577	TRUE	AT3TE89830:11	AT3TE89830	NC_003074.8	22059535	22064329	SQK-NBD114-96_barcode01	homo	NC_003070.9:24318592..24318596	TRUE	pseudounique	SQK-NBD114-96_barcode01
NC_003070.9:25881396..25881415	10	0.45	TRUE	AT3TE89830:10	AT3TE89830	NC_003074.8	22059535	22064329	SQK-NBD114-96_barcode01	homo	NC_003070.9:25881399..25881404	TRUE	pseudounique	SQK-NBD114-96_barcode01
NC_003071.7:169678..169696	6	0.077	TRUE	AT5TE15240:6	AT5TE15240	NC_003076.8	4208083	4213084	SQK-NBD114-96_barcode01	hetero	NC_003071.7:169679..169683	TRUE	common	SQK-NBD114-96_barcode01
NC_003075.7:301833..301849	10	0.45	TRUE	AT5TE15240:10	AT5TE15240	NC_003076.8	4208083	4213084	SQK-NBD114-96_barcode01	homo	NC_003075.7:301834..301839	TRUE	pseudounique	SQK-NBD114-96_barcode01
NC_003075.7:8010669..8010677	6	0.077	TRUE	AT5TE15240:6	AT5TE15240	NC_003076.8	4208083	4213084	SQK-NBD114-96_barcode01	hetero	NC_003075.7:8010670..8010677	TRUE	pseudounique	SQK-NBD114-96_barcode01
NC_003076.8:22771917..22771924	6	0.077	TRUE	AT5TE15240:6	AT5TE15240	NC_003076.8	4208083	4213084	SQK-NBD114-96_barcode01	homo	NC_003076.8:22771918..22771924	TRUE	pseudounique	SQK-NBD114-96_barcode01
NC_003076.8:259606..259612	12	0.691	TRUE	AT1TE12295:1,AT3TE89830:3,AT5TE15240:8	AT5TE15240	NC_003076.8	4208083	4213084	SQK-NBD114-96_barcode01	homo	NC_003076.8:259607..259611	TRUE	common	SQK-NBD114-96_barcode01
NC_003076.8:7077361..7077366	8	0.215	TRUE	AT5TE15240:8	AT5TE15240	NC_003076.8	4208083	4213084	SQK-NBD114-96_barcode01	homo	NC_003076.8:7077362..7077366	TRUE	pseudounique	SQK-NBD114-96_barcode01
NC_003075.7:3507955..3507966	15	0.914	TRUE	AT3TE59730:14,AT4TE15835:1	AT3TE59730	NC_003074.8	14586322	14586573	SQK-NBD114-96_barcode01	homo	NC_003075.7:3507956..3507966	TRUE	pseudounique	SQK-NBD114-96_barcode01
NC_003071.7:2614797..2614803	4	0.423	TRUE	AT1TE12295:4	AT1TE12295	NC_003070.9	3780765	3785721	SQK-NBD114-96_barcode01	hetero	NC_003071.7:2614798..2614803	TRUE	manual	SQK-NBD114-96_barcode29
NC_003075.7:16380333..16380341	13	1	TRUE	AT1TE12295:13	AT1TE12295	NC_003070.9	3780765	3785721	SQK-NBD114-96_barcode01	homo	NC_003075.7:16380335..16380341	TRUE	manual	SQK-NBD114-96_barcode29
NC_003075.7:8453379..8453384	6	0.732	TRUE	AT1TE12295:6	AT1TE12295	NC_003070.9	3780765	3785721	SQK-NBD114-96_barcode01	homo	NC_003075.7:8453380..8453384	TRUE	manual	SQK-NBD114-96_barcode29
NC_003076.8:17264718..17264724	4	0.423	TRUE	AT1TE12295:3,AT5TE15240:1	AT1TE12295	NC_003070.9	3780765	3785721	SQK-NBD114-96_barcode01	hetero	NC_003076.8:17264719..17264724	TRUE	manual	SQK-NBD114-96_barcode29
NC_003076.8:2404494..2404502	4	0.423	TRUE	AT1TE12295:2,AT3TE89830:2	AT1TE12295	NC_003070.9	3780765	3785721	SQK-NBD114-96_barcode01	homo	NC_003076.8:2404495..2404502	TRUE	manual	SQK-NBD114-96_barcode29
NC_003074.8:11695988..11695995	5	0.581	TRUE	AT1TE59755:4,AT3TE89830:1	AT1TE59755	NC_003070.9	18013162	18018435	SQK-NBD114-96_barcode01	homo	NC_003074.8:11695989..11695995	TRUE	manual	SQK-NBD114-96_barcode29
NC_003076.8:6412549..6412557	6	0.732	TRUE	AT1TE59755:6	AT1TE59755	NC_003070.9	18013162	18018435	SQK-NBD114-96_barcode01	homo	NC_003076.8:6412551..6412557	TRUE	manual	SQK-NBD114-96_barcode29
NC_003076.8:15372466..15372472	5	0.581	TRUE	AT3TE89830:5	AT3TE89830	NC_003074.8	22059535	22064329	SQK-NBD114-96_barcode01	hetero	NC_003076.8:15372467..15372472	TRUE	manual	SQK-NBD114-96_barcode29
NC_003070.9:23504372..23504377	4	0.423	TRUE	AT1TE12295:2,AT5TE15240:2	AT1TE12295	NC_003070.9	3780765	3785721	SQK-NBD114-96_barcode29	homo	NC_003070.9:23504373..23504377	TRUE	common	SQK-NBD114-96_barcode29
NC_003071.7:2614797..2614803	4	0.423	TRUE	AT1TE12295:4	AT1TE12295	NC_003070.9	3780765	3785721	SQK-NBD114-96_barcode29	hetero	NC_003071.7:2614798..2614803	TRUE	pseudounique	SQK-NBD114-96_barcode29
NC_003075.7:16380333..16380341	13	1	TRUE	AT1TE12295:13	AT1TE12295	NC_003070.9	3780765	3785721	SQK-NBD114-96_barcode29	homo	NC_003075.7:16380335..16380341	TRUE	pseudounique	SQK-NBD114-96_barcode29
NC_003075.7:8453379..8453384	6	0.732	TRUE	AT1TE12295:6	AT1TE12295	NC_003070.9	3780765	3785721	SQK-NBD114-96_barcode29	homo	NC_003075.7:8453380..8453384	TRUE	pseudounique	SQK-NBD114-96_barcode29
NC_003076.8:17264718..17264724	4	0.423	TRUE	AT1TE12295:3,AT5TE15240:1	AT1TE12295	NC_003070.9	3780765	3785721	SQK-NBD114-96_barcode29	hetero	NC_003076.8:17264719..17264724	TRUE	pseudounique	SQK-NBD114-96_barcode29
NC_003076.8:2404494..2404502	4	0.423	TRUE	AT1TE12295:2,AT3TE89830:2	AT1TE12295	NC_003070.9	3780765	3785721	SQK-NBD114-96_barcode29	homo	NC_003076.8:2404495..2404502	TRUE	pseudounique	SQK-NBD114-96_barcode29
NC_003074.8:11695988..11695995	5	0.581	TRUE	AT1TE59755:4,AT3TE89830:1	AT1TE59755	NC_003070.9	18013162	18018435	SQK-NBD114-96_barcode29	homo	NC_003074.8:11695989..11695995	TRUE	pseudounique	SQK-NBD114-96_barcode29
NC_003074.8:19557286..19557291	5	0.581	TRUE	AT1TE59755:5	AT1TE59755	NC_003070.9	18013162	18018435	SQK-NBD114-96_barcode29	homo	NC_003074.8:19557287..19557291	TRUE	common	SQK-NBD114-96_barcode29
NC_003074.8:28146..28165	8	0.931	TRUE	AT1TE12295:2,AT1TE59755:6	AT1TE59755	NC_003070.9	18013162	18018435	SQK-NBD114-96_barcode29	homo	NC_003074.8:28147..28153	TRUE	common	SQK-NBD114-96_barcode29
NC_003075.7:10188591..10188606	4	0.423	TRUE	AT1TE59755:4	AT1TE59755	NC_003070.9	18013162	18018435	SQK-NBD114-96_barcode29	homo	NC_003075.7:10188602..10188606	TRUE	common	SQK-NBD114-96_barcode29
NC_003076.8:5956356..5956363	6	0.732	TRUE	AT1TE59755:6	AT1TE59755	NC_003070.9	18013162	18018435	SQK-NBD114-96_barcode29	homo	NC_003076.8:5956357..5956363	TRUE	common	SQK-NBD114-96_barcode29
NC_003076.8:6412549..6412557	6	0.732	TRUE	AT1TE59755:6	AT1TE59755	NC_003070.9	18013162	18018435	SQK-NBD114-96_barcode29	homo	NC_003076.8:6412551..6412557	TRUE	pseudounique	SQK-NBD114-96_barcode29
NC_003076.8:15372466..15372472	5	0.581	TRUE	AT3TE89830:5	AT3TE89830	NC_003074.8	22059535	22064329	SQK-NBD114-96_barcode29	hetero	NC_003076.8:15372467..15372472	TRUE	pseudounique	SQK-NBD114-96_barcode29
NC_003071.7:169678..169683	4	0.423	TRUE	AT5TE15240:4	AT5TE15240	NC_003076.8	4208083	4213084	SQK-NBD114-96_barcode29	hetero	NC_003071.7:169679..169683	TRUE	common	SQK-NBD114-96_barcode29
NC_003076.8:259601..259611	4	0.423	TRUE	AT3TE89830:1,AT5TE15240:3	AT5TE15240	NC_003076.8	4208083	4213084	SQK-NBD114-96_barcode29	homo	NC_003076.8:259607..259611	TRUE	common	SQK-NBD114-96_barcode29
NC_003070.9:165939..165946	9	0.327	TRUE	AT1TE59755:8,AT2TE30585:1	AT1TE59755	NC_003070.9	18013162	18018435	SQK-NBD114-96_barcode29	homo	NC_003070.9:165940..165944	TRUE	manual	SQK-NBD114-96_barcode01
NC_003071.7:15105059..15105065	7	0.132	TRUE	AT1TE12295:3,AT1TE59755:4	AT1TE59755	NC_003070.9	18013162	18018435	SQK-NBD114-96_barcode29	hetero	NC_003071.7:15105060..15105065	TRUE	manual	SQK-NBD114-96_barcode01
NC_003076.8:24673226..24673236	11	0.577	TRUE	AT1TE41140:1,AT1TE41145:1,AT1TE41150:1,AT1TE41155:1,AT1TE41160:1,AT1TE41165:1,AT1TE59755:10	AT1TE59755	NC_003070.9	18013162	18018435	SQK-NBD114-96_barcode29	hetero	NC_003076.8:24673227..24673231	TRUE	manual	SQK-NBD114-96_barcode01
NC_003071.7:1001313..1001322	7	0.132	TRUE	AT1TE12295:7	AT1TE12295	NC_003070.9	3780765	3785721	SQK-NBD114-96_barcode29	hetero	NC_003071.7:1001318..1001322	TRUE	manual	SQK-NBD114-96_barcode01
NC_003071.7:14489343..14489348	6	0.077	TRUE	AT1TE12295:6	AT1TE12295	NC_003070.9	3780765	3785721	SQK-NBD114-96_barcode29	hetero	NC_003071.7:14489344..14489348	TRUE	manual	SQK-NBD114-96_barcode01
NC_003071.7:18808726..18808731	6	0.077	TRUE	AT1TE12295:6	AT1TE12295	NC_003070.9	3780765	3785721	SQK-NBD114-96_barcode29	hetero	NC_003071.7:18808727..18808731	TRUE	manual	SQK-NBD114-96_barcode01
NC_003071.7:684926..684931	8	0.215	TRUE	AT1TE12295:8	AT1TE12295	NC_003070.9	3780765	3785721	SQK-NBD114-96_barcode29	hetero	NC_003071.7:684927..684931	TRUE	manual	SQK-NBD114-96_barcode01
NC_003074.8:10541311..10541322	11	0.577	TRUE	AT1TE12295:11	AT1TE12295	NC_003070.9	3780765	3785721	SQK-NBD114-96_barcode29	hetero	NC_003074.8:10541312..10541322	TRUE	manual	SQK-NBD114-96_barcode01
NC_003075.7:176386..176391	10	0.45	TRUE	AT1TE12295:9,AT3TE89830:1	AT1TE12295	NC_003070.9	3780765	3785721	SQK-NBD114-96_barcode29	homo	NC_003075.7:176387..176391	TRUE	manual	SQK-NBD114-96_barcode01
NC_003076.8:18809935..18809943	8	0.215	TRUE	AT1TE12295:8	AT1TE12295	NC_003070.9	3780765	3785721	SQK-NBD114-96_barcode29	hetero	NC_003076.8:18809938..18809943	TRUE	manual	SQK-NBD114-96_barcode01
NC_003076.8:20919426..20919439	9	0.327	TRUE	AT1TE12295:8,AT3TE55745:1,AT3TE55750:1,AT3TE55755:1,AT3TE55760:1,AT3TE55765:1,AT3TE55770:1,AT3TE55775:1	AT1TE12295	NC_003070.9	3780765	3785721	SQK-NBD114-96_barcode29	hetero	NC_003076.8:20919427..20919432	TRUE	manual	SQK-NBD114-96_barcode01
NC_003070.9:24318588..24318596	11	0.577	TRUE	AT3TE89830:11	AT3TE89830	NC_003074.8	22059535	22064329	SQK-NBD114-96_barcode29	homo	NC_003070.9:24318592..24318596	TRUE	manual	SQK-NBD114-96_barcode01
NC_003070.9:25881396..25881415	10	0.45	TRUE	AT3TE89830:10	AT3TE89830	NC_003074.8	22059535	22064329	SQK-NBD114-96_barcode29	homo	NC_003070.9:25881399..25881404	TRUE	manual	SQK-NBD114-96_barcode01
NC_003075.7:301833..301849	10	0.45	TRUE	AT5TE15240:10	AT5TE15240	NC_003076.8	4208083	4213084	SQK-NBD114-96_barcode29	homo	NC_003075.7:301834..301839	TRUE	manual	SQK-NBD114-96_barcode01
NC_003075.7:8010669..8010677	6	0.077	TRUE	AT5TE15240:6	AT5TE15240	NC_003076.8	4208083	4213084	SQK-NBD114-96_barcode29	hetero	NC_003075.7:8010670..8010677	TRUE	manual	SQK-NBD114-96_barcode01
NC_003076.8:22771917..22771924	6	0.077	TRUE	AT5TE15240:6	AT5TE15240	NC_003076.8	4208083	4213084	SQK-NBD114-96_barcode29	homo	NC_003076.8:22771918..22771924	TRUE	manual	SQK-NBD114-96_barcode01
NC_003076.8:7077361..7077366	8	0.215	TRUE	AT5TE15240:8	AT5TE15240	NC_003076.8	4208083	4213084	SQK-NBD114-96_barcode29	homo	NC_003076.8:7077362..7077366	TRUE	manual	SQK-NBD114-96_barcode01
NC_003075.7:3507955..3507966	15	0.914	TRUE	AT3TE59730:14,AT4TE15835:1	AT3TE59730	NC_003074.8	14586322	14586573	SQK-NBD114-96_barcode29	homo	NC_003075.7:3507956..3507966	TRUE	manual	SQK-NBD114-96_barcode01
NC_003075.7:16829762..16829766	5	0.627	TRUE	AT5TE15240:5	AT5TE15240	NC_003076.8	4208083	4213084	SQK-NBD114-96_barcode19	homo	NC_003075.7:16829763..16829767	TRUE	common	SQK-NBD114-96_barcode19
NC_003075.7:3507955..3507968	4	0.455	TRUE	AT3TE59730:4	AT3TE59730	NC_003074.8	14586322	14586573	SQK-NBD114-96_barcode19	homo	NC_003075.7:3507956..3507966	TRUE	common	SQK-NBD114-96_barcode19
NC_003074.8:6843653..6843661	4	0.418	TRUE	AT1TE59755:4	AT1TE59755	NC_003070.9	18013162	18018435	SQK-NBD114-96_barcode19	homo	NC_003074.8:6843656..6843661	TRUE	manual	SQK-NBD114-96_barcode26
NC_003076.8:18148448..18148453	4	0.418	TRUE	AT1TE12295:1,AT1TE59755:3	AT1TE59755	NC_003070.9	18013162	18018435	SQK-NBD114-96_barcode19	homo	NC_003076.8:18148449..18148453	TRUE	manual	SQK-NBD114-96_barcode26
NC_003076.8:26578618..26578624	4	0.418	TRUE	AT1TE59755:4	AT1TE59755	NC_003070.9	18013162	18018435	SQK-NBD114-96_barcode19	homo	NC_003076.8:26578619..26578624	TRUE	manual	SQK-NBD114-96_barcode26
NC_003071.7:15358422..15358435	4	0.418	TRUE	AT1TE12295:4	AT1TE12295	NC_003070.9	3780765	3785721	SQK-NBD114-96_barcode19	homo	NC_003071.7:15358424..15358429	TRUE	manual	SQK-NBD114-96_barcode26
NC_003074.8:6843653..6843661	4	0.418	TRUE	AT1TE59755:4	AT1TE59755	NC_003070.9	18013162	18018435	SQK-NBD114-96_barcode26	homo	NC_003074.8:6843656..6843661	TRUE	pseudounique	SQK-NBD114-96_barcode26
NC_003076.8:18148448..18148453	4	0.418	TRUE	AT1TE12295:1,AT1TE59755:3	AT1TE59755	NC_003070.9	18013162	18018435	SQK-NBD114-96_barcode26	homo	NC_003076.8:18148449..18148453	TRUE	pseudounique	SQK-NBD114-96_barcode26
NC_003076.8:26578618..26578624	4	0.418	TRUE	AT1TE59755:4	AT1TE59755	NC_003070.9	18013162	18018435	SQK-NBD114-96_barcode26	homo	NC_003076.8:26578619..26578624	TRUE	pseudounique	SQK-NBD114-96_barcode26
NC_003071.7:15358422..15358435	4	0.418	TRUE	AT1TE12295:4	AT1TE12295	NC_003070.9	3780765	3785721	SQK-NBD114-96_barcode26	homo	NC_003071.7:15358424..15358429	TRUE	pseudounique	SQK-NBD114-96_barcode26
NC_003075.7:16829762..16829767	4	0.418	TRUE	AT5TE15240:4	AT5TE15240	NC_003076.8	4208083	4213084	SQK-NBD114-96_barcode26	homo	NC_003075.7:16829763..16829767	TRUE	common	SQK-NBD114-96_barcode26
NC_003075.7:3507954..3507966	10	0.99	TRUE	AT3TE59730:10	AT3TE59730	NC_003074.8	14586322	14586573	SQK-NBD114-96_barcode26	homo	NC_003075.7:3507956..3507966	TRUE	common	SQK-NBD114-96_barcode26
NC_003070.9:24963601..24963608	4	0.103	TRUE	AT1TE12295:3,AT5TE15240:1	AT1TE12295	NC_003070.9	3780765	3785721	SQK-NBD114-96_barcode20	hetero	NC_003070.9:24963602..24963608	TRUE	pseudounique	SQK-NBD114-96_barcode20
NC_003074.8:3951428..3951434	7	0.14	TRUE	AT1TE12295:5,AT5TE15240:2	AT1TE12295	NC_003070.9	3780765	3785721	SQK-NBD114-96_barcode20	hetero	NC_003074.8:3951429..3951434	TRUE	manual	SQK-NBD114-96_barcode27
NC_003075.7:3507955..3507966	12	0.674	TRUE	AT3TE59730:12	AT3TE59730	NC_003074.8	14586322	14586573	SQK-NBD114-96_barcode20	homo	NC_003075.7:3507956..3507966	TRUE	manual	SQK-NBD114-96_barcode27
NC_003074.8:3951428..3951434	7	0.14	TRUE	AT1TE12295:5,AT5TE15240:2	AT1TE12295	NC_003070.9	3780765	3785721	SQK-NBD114-96_barcode27	hetero	NC_003074.8:3951429..3951434	TRUE	pseudounique	SQK-NBD114-96_barcode27
NC_003075.7:3507955..3507966	12	0.674	TRUE	AT3TE59730:12	AT3TE59730	NC_003074.8	14586322	14586573	SQK-NBD114-96_barcode27	homo	NC_003075.7:3507956..3507966	TRUE	pseudounique	SQK-NBD114-96_barcode27
NC_003070.9:24963601..24963608	4	0.103	TRUE	AT1TE12295:3,AT5TE15240:1	AT1TE12295	NC_003070.9	3780765	3785721	SQK-NBD114-96_barcode27	hetero	NC_003070.9:24963602..24963608	TRUE	manual	SQK-NBD114-96_barcode20
NC_003070.9:29578507..29578514	10	0.491	TRUE	AT1TE12295:10	AT1TE12295	NC_003070.9	3780765	3785721	SQK-NBD114-96_barcode21	homo	NC_003070.9:29578508..29578514	TRUE	common	SQK-NBD114-96_barcode21
NC_003070.9:4423657..4423662	7	0.15	TRUE	AT1TE12295:6,AT3TE89830:1	AT1TE12295	NC_003070.9	3780765	3785721	SQK-NBD114-96_barcode21	hetero	NC_003070.9:4423658..4423662	TRUE	pseudounique	SQK-NBD114-96_barcode21
NC_003075.7:81657..81663	7	0.15	TRUE	AT1TE12295:7	AT1TE12295	NC_003070.9	3780765	3785721	SQK-NBD114-96_barcode21	hetero	NC_003075.7:81658..81663	TRUE	pseudounique	SQK-NBD114-96_barcode21
NC_003075.7:3507955..3507966	7	0.749	TRUE	AT3TE59730:6,AT4TE15840:1	AT3TE59730	NC_003074.8	14586322	14586573	SQK-NBD114-96_barcode21	homo	NC_003075.7:3507956..3507966	TRUE	manual	SQK-NBD114-96_barcode28
NC_003070.9:29578498..29578514	6	0.602	TRUE	AT1TE12295:6	AT1TE12295	NC_003070.9	3780765	3785721	SQK-NBD114-96_barcode28	homo	NC_003070.9:29578508..29578514	TRUE	common	SQK-NBD114-96_barcode28
NC_003075.7:3507955..3507966	7	0.749	TRUE	AT3TE59730:6,AT4TE15840:1	AT3TE59730	NC_003074.8	14586322	14586573	SQK-NBD114-96_barcode28	homo	NC_003075.7:3507956..3507966	TRUE	pseudounique	SQK-NBD114-96_barcode28
NC_003070.9:4423657..4423662	7	0.15	TRUE	AT1TE12295:6,AT3TE89830:1	AT1TE12295	NC_003070.9	3780765	3785721	SQK-NBD114-96_barcode28	hetero	NC_003070.9:4423658..4423662	TRUE	manual	SQK-NBD114-96_barcode21
NC_003075.7:81657..81663	7	0.15	TRUE	AT1TE12295:7	AT1TE12295	NC_003070.9	3780765	3785721	SQK-NBD114-96_barcode28	hetero	NC_003075.7:81658..81663	TRUE	manual	SQK-NBD114-96_barcode21
NC_003074.8:16784134..16784145	21	0.649	TRUE	AT1TE12295:20,AT3TE92525:1	AT1TE12295	NC_003070.9	3780765	3785721	SQK-NBD114-96_barcode22	homo	NC_003074.8:16784140..16784145	TRUE	unique	SQK-NBD114-96_barcode22
NC_003074.8:22759420..22759447	26	0.926	TRUE	AT1TE12295:23,AT3TE92525:2,AT5TE31180:1	AT1TE12295	NC_003070.9	3780765	3785721	SQK-NBD114-96_barcode22	homo	NC_003074.8:22759441..22759447	TRUE	unique	SQK-NBD114-96_barcode22
NC_003075.7:12635766..12635772	16	0.23	TRUE	AT1TE12295:16	AT1TE12295	NC_003070.9	3780765	3785721	SQK-NBD114-96_barcode22	hetero	NC_003075.7:12635767..12635772	TRUE	unique	SQK-NBD114-96_barcode22
NC_003076.8:18652820..18652835	20	0.582	TRUE	AT1TE12295:19,AT5TE67135:1,AT5TE67140:1	AT1TE12295	NC_003070.9	3780765	3785721	SQK-NBD114-96_barcode22	homo	NC_003076.8:18652821..18652826	TRUE	unique	SQK-NBD114-96_barcode22
NC_003074.8:10580787..10580795	14	0.094	TRUE	AT1TE12295:1,AT1TE59755:11,AT3TE92525:2	AT1TE59755	NC_003070.9	18013162	18018435	SQK-NBD114-96_barcode22	hetero	NC_003074.8:10580790..10580795	TRUE	unique	SQK-NBD114-96_barcode22
NC_003071.7:18728318..18728325	17	0.308	TRUE	AT3TE92525:17	AT3TE92525	NC_003074.8	22695566	22700522	SQK-NBD114-96_barcode22	hetero	NC_003071.7:18728321..18728325	TRUE	unique	SQK-NBD114-96_barcode22
NC_003075.7:14520777..14520786	16	0.23	TRUE	AT3TE92525:16	AT3TE92525	NC_003074.8	22695566	22700522	SQK-NBD114-96_barcode22	hetero	NC_003075.7:14520782..14520786	TRUE	unique	SQK-NBD114-96_barcode22
NC_003075.7:15551258..15551276	13	0.059	TRUE	AT1TE12295:3,AT3TE92525:10	AT3TE92525	NC_003074.8	22695566	22700522	SQK-NBD114-96_barcode22	hetero	NC_003075.7:15551270..15551274	TRUE	unique	SQK-NBD114-96_barcode22
NC_003075.7:3507955..3507966	9	0.838	TRUE	AT2TE87415:1,AT2TE87420:1,AT3TE59730:7,AT4TE15840:1,AT4TE15845:1,AT4TE15850:1	AT3TE59730	NC_003074.8	14586322	14586573	SQK-NBD114-96_barcode22	homo	NC_003075.7:3507956..3507966	TRUE	manual	SQK-NBD114-96_barcode30
NC_003075.7:3507955..3507966	9	0.838	TRUE	AT2TE87415:1,AT2TE87420:1,AT3TE59730:7,AT4TE15840:1,AT4TE15845:1,AT4TE15850:1	AT3TE59730	NC_003074.8	14586322	14586573	SQK-NBD114-96_barcode30	homo	NC_003075.7:3507956..3507966	TRUE	pseudounique	SQK-NBD114-96_barcode30
NC_003074.8:16784134..16784145	21	0.649	TRUE	AT1TE12295:20,AT3TE92525:1	AT1TE12295	NC_003070.9	3780765	3785721	SQK-NBD114-96_barcode30	homo	NC_003074.8:16784140..16784145	TRUE	manual	SQK-NBD114-96_barcode22
NC_003074.8:22759420..22759447	26	0.926	TRUE	AT1TE12295:23,AT3TE92525:2,AT5TE31180:1	AT1TE12295	NC_003070.9	3780765	3785721	SQK-NBD114-96_barcode30	homo	NC_003074.8:22759441..22759447	TRUE	manual	SQK-NBD114-96_barcode22
NC_003075.7:12635766..12635772	16	0.23	TRUE	AT1TE12295:16	AT1TE12295	NC_003070.9	3780765	3785721	SQK-NBD114-96_barcode30	hetero	NC_003075.7:12635767..12635772	TRUE	manual	SQK-NBD114-96_barcode22
NC_003076.8:18652820..18652835	20	0.582	TRUE	AT1TE12295:19,AT5TE67135:1,AT5TE67140:1	AT1TE12295	NC_003070.9	3780765	3785721	SQK-NBD114-96_barcode30	homo	NC_003076.8:18652821..18652826	TRUE	manual	SQK-NBD114-96_barcode22
NC_003074.8:10580787..10580795	14	0.094	TRUE	AT1TE12295:1,AT1TE59755:11,AT3TE92525:2	AT1TE59755	NC_003070.9	18013162	18018435	SQK-NBD114-96_barcode30	hetero	NC_003074.8:10580790..10580795	TRUE	manual	SQK-NBD114-96_barcode22
NC_003071.7:18728318..18728325	17	0.308	TRUE	AT3TE92525:17	AT3TE92525	NC_003074.8	22695566	22700522	SQK-NBD114-96_barcode30	hetero	NC_003071.7:18728321..18728325	TRUE	manual	SQK-NBD114-96_barcode22
NC_003075.7:14520777..14520786	16	0.23	TRUE	AT3TE92525:16	AT3TE92525	NC_003074.8	22695566	22700522	SQK-NBD114-96_barcode30	hetero	NC_003075.7:14520782..14520786	TRUE	manual	SQK-NBD114-96_barcode22
NC_003075.7:15551258..15551276	13	0.059	TRUE	AT1TE12295:3,AT3TE92525:10	AT3TE92525	NC_003074.8	22695566	22700522	SQK-NBD114-96_barcode30	hetero	NC_003075.7:15551270..15551274	TRUE	manual	SQK-NBD114-96_barcode22
NC_003074.8:17266787..17266794	6	0.295	TRUE	AT1TE59755:6	AT1TE59755	NC_003070.9	18013162	18018435	SQK-NBD114-96_barcode23	homo	NC_003074.8:17266790..17266794	TRUE	common	SQK-NBD114-96_barcode23
NC_003074.8:3772738..3772745	6	0.295	TRUE	AT5TE15240:6	AT5TE15240	NC_003076.8	4208083	4213084	SQK-NBD114-96_barcode23	homo	NC_003074.8:3772740..3772745	TRUE	pseudounique	SQK-NBD114-96_barcode23
NC_003076.8:37908..37916	4	0.086	TRUE	AT5TE15240:4	AT5TE15240	NC_003076.8	4208083	4213084	SQK-NBD114-96_barcode23	hetero	NC_003076.8:37909..37916	TRUE	pseudounique	SQK-NBD114-96_barcode23
NC_003074.8:3852684..3852694	9	0.7	TRUE	AT3TE92525:9	AT3TE92525	NC_003074.8	22695566	22700522	SQK-NBD114-96_barcode23	hetero	NC_003074.8:3852685..3852689	TRUE	pseudounique	SQK-NBD114-96_barcode23
NC_003076.8:1494295..1494316	8	0.557	TRUE	AT1TE12295:8	AT1TE12295	NC_003070.9	3780765	3785721	SQK-NBD114-96_barcode23	hetero	NC_003076.8:1494311..1494316	TRUE	pseudounique	SQK-NBD114-96_barcode23
NC_003075.7:3507956..3507966									SQK-NBD114-96_barcode23	homo	NC_003075.7:3507956..3507966	TRUE	manual	col_wt_dorado_hac
NC_003076.8:22771598..22771604	5	0.172	TRUE	AT1TE12295:5	AT1TE12295	NC_003070.9	3780765	3785721	SQK-NBD114-96_barcode23	hetero	NC_003076.8:22771599..22771604	TRUE	pseudounique	SQK-NBD114-96_barcode23
NC_003074.8:17266788..17266794	6	0.967	TRUE	AT1TE59755:6	AT1TE59755	NC_003070.9	18013162	18018435	SQK-NBD114-96_barcode31	homo	NC_003074.8:17266790..17266794	TRUE	common	SQK-NBD114-96_barcode31
NC_003074.8:3772738..3772745	6	0.295	TRUE	AT5TE15240:6	AT5TE15240	NC_003076.8	4208083	4213084	SQK-NBD114-96_barcode31	homo	NC_003074.8:3772740..3772745	TRUE	manual	SQK-NBD114-96_barcode23
NC_003076.8:37908..37916	4	0.086	TRUE	AT5TE15240:4	AT5TE15240	NC_003076.8	4208083	4213084	SQK-NBD114-96_barcode31	hetero	NC_003076.8:37909..37916	TRUE	manual	SQK-NBD114-96_barcode23
NC_003074.8:3852684..3852694	9	0.7	TRUE	AT3TE92525:9	AT3TE92525	NC_003074.8	22695566	22700522	SQK-NBD114-96_barcode31	hetero	NC_003074.8:3852685..3852689	TRUE	manual	SQK-NBD114-96_barcode23
NC_003076.8:1494295..1494316	8	0.557	TRUE	AT1TE12295:8	AT1TE12295	NC_003070.9	3780765	3785721	SQK-NBD114-96_barcode31	hetero	NC_003076.8:1494311..1494316	TRUE	manual	SQK-NBD114-96_barcode23
NC_003075.7:3507956..3507966									SQK-NBD114-96_barcode31	homo	NC_003075.7:3507956..3507966	TRUE	manual	col_wt_dorado_hac
NC_003076.8:22771598..22771604	5	0.172	TRUE	AT1TE12295:5	AT1TE12295	NC_003070.9	3780765	3785721	SQK-NBD114-96_barcode31	hetero	NC_003076.8:22771599..22771604	TRUE	manual	SQK-NBD114-96_barcode23
NC_003070.9:8848512..8848517	18	1	TRUE	AT5TE20395:18	AT5TE20395	NC_003076.8	5629978	5635310	ddm1_dorado_hac	homo	NC_003070.9:8848513..8848517	TRUE	unknown	ddm1_dorado_hac
NC_003071.7:16605201..16605212	12	0.987	TRUE	AT5TE20395:12	AT5TE20395	NC_003076.8	5629978	5635310	ddm1_dorado_hac	homo	NC_003071.7:16605205..16605212	TRUE	unknown	ddm1_dorado_hac
NC_003071.7:5914531..5914560	17	1	TRUE	AT5TE20395:17	AT5TE20395	NC_003076.8	5629978	5635310	ddm1_dorado_hac	homo	NC_003071.7:5914532..5914537	TRUE	unknown	ddm1_dorado_hac
NC_003071.7:608102..608116	6	0.604	TRUE	AT2TE02500:1,AT5TE20395:5	AT5TE20395	NC_003076.8	5629978	5635310	ddm1_dorado_hac	hetero	NC_003071.7:608111..608117	TRUE	unknown	ddm1_dorado_hac
NC_003071.7:8339040..8339046	5	0.423	TRUE	AT5TE20395:5	AT5TE20395	NC_003076.8	5629978	5635310	ddm1_dorado_hac	hetero	NC_003071.7:8339041..8339046	TRUE	unknown	ddm1_dorado_hac
NC_003074.8:13306428..13306434	4	0.242	TRUE	AT5TE20395:4	AT5TE20395	NC_003076.8	5629978	5635310	ddm1_dorado_hac	hetero	NC_003074.8:13306429..13306434	TRUE	unknown	ddm1_dorado_hac
NC_003075.7:5239294..5239299	4	0.242	TRUE	AT5TE20395:4	AT5TE20395	NC_003076.8	5629978	5635310	ddm1_dorado_hac	hetero	NC_003075.7:5239295..5239299	TRUE	unknown	ddm1_dorado_hac
NC_003076.8:11114339..11114346	5	0.423	TRUE	AT5TE20395:5	AT5TE20395	NC_003076.8	5629978	5635310	ddm1_dorado_hac	hetero	NC_003076.8:11114341..11114346	TRUE	unknown	ddm1_dorado_hac
NC_003076.8:15371010..15371015	9	0.912	TRUE	AT5TE20395:9	AT5TE20395	NC_003076.8	5629978	5635310	ddm1_dorado_hac	hetero	NC_003076.8:15371011..15371015	TRUE	unknown	ddm1_dorado_hac
NC_003076.8:19504656..19504668	11	0.975	TRUE	AT5TE20395:11	AT5TE20395	NC_003076.8	5629978	5635310	ddm1_dorado_hac	homo	NC_003076.8:19504659..19504668	TRUE	unknown	ddm1_dorado_hac
NC_003076.8:20188652..20188658	11	0.975	TRUE	AT5TE20395:11	AT5TE20395	NC_003076.8	5629978	5635310	ddm1_dorado_hac	homo	NC_003076.8:20188653..20188658	TRUE	unknown	ddm1_dorado_hac
NC_003076.8:22576248..22576257	11	0.975	TRUE	AT5TE20395:11	AT5TE20395	NC_003076.8	5629978	5635310	ddm1_dorado_hac	homo	NC_003076.8:22576249..22576257	TRUE	unknown	ddm1_dorado_hac
NC_003071.7:15222481..15222485	10	0.955	TRUE	AT2TE20205:10	AT2TE20205	NC_003071.7	4900803	4909281	ddm1_dorado_hac	homo	NC_003071.7:15222482..15222485	TRUE	unknown	ddm1_dorado_hac
NC_003071.7:1665002..1665021	6	0.604	TRUE	AT2TE07665:1,AT2TE07670:1,AT2TE07700:1,AT2TE07705:1,AT2TE07710:1,AT2TE07715:1,AT2TE07720:1,AT2TE20205:4	AT2TE20205	NC_003071.7	4900803	4909281	ddm1_dorado_hac	hetero	NC_003071.7:1665003..1665007	TRUE	unknown	ddm1_dorado_hac
NC_003074.8:19743690..19743697	12	0.987	TRUE	AT2TE20205:12	AT2TE20205	NC_003071.7	4900803	4909281	ddm1_dorado_hac	homo	NC_003074.8:19743691..19743695	TRUE	unknown	ddm1_dorado_hac
NC_003075.7:17290054..17290060	10	0.955	TRUE	AT2TE20205:10	AT2TE20205	NC_003071.7	4900803	4909281	ddm1_dorado_hac	homo	NC_003075.7:17290058..17290060	TRUE	unknown	ddm1_dorado_hac
NC_003076.8:19819881..19819894	11	0.975	TRUE	AT2TE20205:11	AT2TE20205	NC_003071.7	4900803	4909281	ddm1_dorado_hac	homo	NC_003076.8:19819882..19819885	TRUE	unknown	ddm1_dorado_hac
NC_003070.9:27155308..27155316	6	0.604	TRUE	AT2TE23850:3,AT2TE23855:5	AT2TE23855	NC_003071.7	5852699	5857428	ddm1_dorado_hac	hetero	NC_003070.9:27155310..27155316	TRUE	unknown	ddm1_dorado_hac
NC_003075.7:6636648..6636658	11	0.975	TRUE	AT2TE23850:9,AT2TE23855:10	AT2TE23855	NC_003071.7	5852699	5857428	ddm1_dorado_hac	hetero	NC_003075.7:6636650..6636655	TRUE	unknown	ddm1_dorado_hac
NC_003070.9:8230167..8230174	17	1	TRUE	AT1TE42210:17	AT1TE42210	NC_003070.9	12942825	12947010	ddm1_dorado_hac	homo	NC_003070.9:8230172..8230174	TRUE	unknown	ddm1_dorado_hac
NC_003074.8:8398789..8398808	9	0.912	TRUE	AT1TE42210:9	AT1TE42210	NC_003070.9	12942825	12947010	ddm1_dorado_hac	homo	NC_003074.8:8398793..8398795	TRUE	unknown	ddm1_dorado_hac
NC_003071.7:5036274..5036297	15	1	TRUE	AT2TE20645:1,AT2TE20650:1,AT2TE20655:1,AT2TE20660:1,AT2TE20665:1,AT2TE20670:1,AT2TE20675:1,AT2TE20680:1,AT2TE20685:1,AT2TE20690:1,AT2TE42810:14	AT2TE42810	NC_003071.7	10001480	10009658	ddm1_dorado_hac	homo	NC_003071.7:5036284..5036292	TRUE	unknown	ddm1_dorado_hac
NC_003071.7:1633813..1633829	5	0.423	TRUE	AT2TE15150:3,AT2TE15155:3,AT2TE15160:3,AT2TE15310:2,AT2TE15315:2,AT2TE15320:2,AT2TE15325:1,AT2TE15330:1,AT2TE15340:1,AT2TE15350:1,AT2TE15380:1	AT2TE15150	NC_003071.7	3479649	3480558	ddm1_dorado_hac	homo	NC_003071.7:1633814..1633822	TRUE	unknown	ddm1_dorado_hac
NC_003074.8:17900294..17900304	13	0.996	TRUE	AT5TE65370:13	AT5TE65370	NC_003076.8	18142156	18146898	ddm1_dorado_hac	homo	NC_003074.8:17900298..17900302	TRUE	unknown	ddm1_dorado_hac
NC_003071.7:19624419..19624431	14	0.997	TRUE	AT5TE33540:14	AT5TE33540	NC_003076.8	9272140	9274532	ddm1_dorado_hac	homo	NC_003071.7:19624420..19624428	TRUE	unknown	ddm1_dorado_hac
NC_003075.7:3465006..3465010	14	0.997	TRUE	AT2TE84970:11,AT2TE84975:13,AT2TE84980:14,AT2TE84985:6	AT2TE84980	NC_003071.7	18709169	18711006	ddm1_dorado_hac	homo	NC_003075.7:3465007..3465011	TRUE	unknown	ddm1_dorado_hac
NC_003075.7:9816525..9816529	4	0.242	TRUE	AT4TE23185:1,AT4TE23190:3,AT4TE23195:3,AT4TE23200:4	AT4TE23200	NC_003075.7	5544705	5544861	ddm1_dorado_hac	hetero	NC_003075.7:9816526..9816530	TRUE	unknown	ddm1_dorado_hac
NC_003075.7:3507956..3507966									ddm1_dorado_hac	homo	NC_003075.7:3507956..3507966	TRUE	manual	col_wt_dorado_hac